bi_st_id,sub_st_id,sub_name,sub_line,sub_long,sub_lat
102,2622,망원,6호선,126.910052,37.556094
103,2622,망원,6호선,126.910052,37.556094
104,0,,,,
105,238,합정,2호선,126.913808,37.549457
106,2623,합정,6호선,126.913366,37.549209
107,0,,,,
108,0,,,,
109,0,,,,
111,2624,상수,6호선,126.922852,37.547716
112,0,,,,
113,239,홍대입구,2호선,126.923708,37.55679
114,239,홍대입구,2호선,126.923708,37.55679
115,1293,홍대입구,경의중앙선,126.926683,37.557641
116,0,,,,
117,0,,,,
118,2625,광흥창,6호선,126.931993,37.547456
119,0,,,,
120,0,,,,
121,0,,,,
122,0,,,,
123,0,,,,
124,1263,서강대,경의중앙선,126.935711,37.551881
125,0,,,,
126,0,,,,
127,0,,,,
128,240,신촌,2호선,126.936926,37.555131
129,240,신촌,2호선,126.936926,37.555131
130,240,신촌,2호선,126.936926,37.555131
131,2618,증산,6호선,126.909645,37.583876
133,0,,,,
134,0,,,,
135,0,,,,
137,0,,,,
138,0,,,,
139,0,,,,
140,0,,,,
141,0,,,,
142,242,아현,2호선,126.956141,37.557345
143,2530,공덕,5호선,126.951372,37.544431
144,4202,공덕,공항철도1호선,126.952024,37.54253
145,2627,공덕,6호선,126.951678,37.543555
146,2529,마포,5호선,126.945932,37.539574
147,2529,마포,5호선,126.945932,37.539574
148,0,,,,
150,0,,,,
153,0,,,,
154,0,,,,
155,1265,가좌,경의중앙선,126.915487,37.568491
156,0,,,,
157,2531,애오개,5호선,126.95682,37.553736
159,241,이대,2호선,126.946013,37.556733
160,0,,,,
161,315,무악재,3호선,126.950291,37.582299
162,0,,,,
163,0,,,,
164,0,,,,
165,0,,,,
166,0,,,,
167,0,,,,
169,0,,,,
170,0,,,,
171,2533,서대문,5호선,126.966641,37.565773
173,2533,서대문,5호선,126.966641,37.565773
175,0,,,,
176,0,,,,
177,0,,,,
178,0,,,,
179,1265,가좌,경의중앙선,126.915487,37.568491
180,2532,충정로,5호선,126.9629,37.560236
181,0,,,,
182,0,,,,
183,0,,,,
184,0,,,,
185,0,,,,
186,0,,,,
188,0,,,,
191,0,,,,
192,0,,,,
194,0,,,,
195,0,,,,
196,0,,,,
198,0,,,,
199,0,,,,
200,0,,,,
201,0,,,,
202,0,,,,
203,4114,국회의사당,9호선,126.917874,37.528105
204,4114,국회의사당,9호선,126.917874,37.528105
205,0,,,,
206,0,,,,
207,2528,여의나루,5호선,126.932901,37.527098
209,0,,,,
210,0,,,,
211,4115,여의도,9호선,126.92403,37.52176
212,4115,여의도,9호선,126.92403,37.52176
213,0,,,,
214,0,,,,
215,0,,,,
217,0,,,,
219,0,,,,
220,0,,,,
221,0,,,,
222,0,,,,
223,0,,,,
224,0,,,,
225,4116,샛강,9호선,126.928422,37.517274
226,4116,샛강,9호선,126.928422,37.517274
227,0,,,,
228,4112,선유도,9호선,126.893525,37.53802
229,0,,,,
230,2524,영등포구청,5호선,126.89503,37.5242
231,0,,,,
232,2523,양평,5호선,126.886129,37.525569
233,0,,,,
234,0,,,,
235,0,,,,
236,0,,,,
237,0,,,,
238,0,,,,
239,0,,,,
240,235,문래,2호선,126.89476,37.517933
241,0,,,,
242,0,,,,
243,0,,,,
244,0,,,,
245,0,,,,
247,4113,당산,9호선,126.902809,37.533406
248,0,,,,
249,0,,,,
250,0,,,,
251,0,,,,
252,2744,보라매,7호선,126.920428,37.499872
253,2745,신풍,7호선,126.90993,37.50008
254,0,,,,
255,0,,,,
256,0,,,,
258,2526,신길,5호선,126.914839,37.517623
259,1005,대방,경부선,126.926382,37.513342
260,0,,,,
262,0,,,,
263,0,,,,
264,0,,,,
265,0,,,,
266,0,,,,
267,0,,,,
268,0,,,,
270,0,,,,
271,0,,,,
272,237,당산,2호선,126.902767,37.534946
274,1006,영등포,경부선,126.907628,37.515504
275,0,,,,
276,0,,,,
277,0,,,,
278,0,,,,
279,0,,,,
280,0,,,,
281,0,,,,
282,0,,,,
283,0,,,,
284,0,,,,
285,0,,,,
286,0,,,,
287,0,,,,
288,0,,,,
289,0,,,,
290,0,,,,
291,0,,,,
292,0,,,,
293,0,,,,
295,0,,,,
296,0,,,,
297,0,,,,
298,0,,,,
299,0,,,,
300,0,,,,
301,0,,,,
302,317,경복궁,3호선,126.97353,37.575762
303,0,,,,
305,0,,,,
306,2534,광화문,5호선,126.97717,37.571525
307,0,,,,
308,0,,,,
309,0,,,,
310,0,,,,
314,0,,,,
316,152,종각,1호선,126.982923,37.570161
318,0,,,,
320,202,을지로입구,2호선,126.982618,37.566014
321,202,을지로입구,2호선,126.982618,37.566014
322,0,,,,
324,0,,,,
326,318,안국,3호선,126.985443,37.576477
327,0,,,,
328,0,,,,
329,0,,,,
331,0,,,,
332,0,,,,
334,319,종로3가,3호선,126.991791,37.571605
335,153,종로3가,1호선,126.991847,37.570406
336,0,,,,
337,0,,,,
338,0,,,,
339,0,,,,
340,0,,,,
341,420,혜화,4호선,127.001844,37.582336
342,0,,,,
343,0,,,,
344,0,,,,
345,0,,,,
346,0,,,,
347,422,동대문역사문화공원,4호선,127.007885,37.565133
348,0,,,,
349,0,,,,
351,0,,,,
352,0,,,,
353,0,,,,
354,0,,,,
355,0,,,,
356,0,,,,
358,0,,,,
359,0,,,,
361,2637,동묘앞,6호선,127.015653,37.572279
362,0,,,,
363,4713,신설동,우이신설선,127.023242,37.576095
364,2638,창신,6호선,127.015241,37.579661
367,316,독립문,3호선,126.957748,37.574571
368,0,,,,
369,0,,,,
370,201,시청,2호선,126.975411,37.563588
371,322,동대입구,3호선,127.005602,37.559052
372,2634,약수,6호선,127.010358,37.554263
374,2635,청구,6호선,127.013986,37.560608
379,150,서울역,1호선,126.972135,37.556228
380,0,,,,
381,322,동대입구,3호선,127.005602,37.559052
382,2634,약수,6호선,127.010358,37.554263
383,2636,신당,6호선,127.016146,37.566154
384,0,,,,
385,152,종각,1호선,126.982923,37.570161
387,0,,,,
388,0,,,,
389,2536,을지로4가,5호선,126.998032,37.567352
390,423,충무로,4호선,126.99408,37.561207
391,0,,,,
393,421,동대문,4호선,127.009287,37.57093
394,0,,,,
395,0,,,,
397,0,,,,
398,320,을지로3가,3호선,126.992548,37.566672
399,0,,,,
400,0,,,,
401,0,,,,
402,0,,,,
403,0,,,,
405,0,,,,
406,0,,,,
407,0,,,,
408,0,,,,
409,0,,,,
410,0,,,,
411,0,,,,
412,0,,,,
413,0,,,,
414,0,,,,
415,4204,디지털미디어시티,공항철도1호선,126.898609,37.576958
416,0,,,,
417,0,,,,
418,2620,월드컵경기장,6호선,126.899298,37.569532
419,2620,월드컵경기장,6호선,126.899298,37.569532
420,0,,,,
421,0,,,,
422,0,,,,
424,0,,,,
425,0,,,,
426,0,,,,
427,0,,,,
428,0,,,,
429,0,,,,
430,0,,,,
431,0,,,,
432,0,,,,
433,202,을지로입구,2호선,126.982618,37.566014
434,0,,,,
435,0,,,,
436,241,이대,2호선,126.946013,37.556733
437,2626,대흥,6호선,126.942069,37.547771
438,0,,,,
439,0,,,,
440,0,,,,
441,0,,,,
442,1001,서울역,경부선,126.971134,37.554337
443,0,,,,
445,0,,,,
446,0,,,,
447,0,,,,
449,0,,,,
450,0,,,,
451,0,,,,
452,0,,,,
453,154,종로5가,1호선,127.001849,37.570926
454,0,,,,
455,0,,,,
456,0,,,,
457,0,,,,
458,0,,,,
461,0,,,,
462,0,,,,
464,0,,,,
465,0,,,,
466,0,,,,
467,0,,,,
468,0,,,,
469,0,,,,
470,0,,,,
471,0,,,,
472,0,,,,
473,2536,을지로4가,5호선,126.998032,37.567352
474,422,동대문역사문화공원,4호선,127.007885,37.565133
475,0,,,,
476,0,,,,
477,0,,,,
479,322,동대입구,3호선,127.005602,37.559052
480,2634,약수,6호선,127.010358,37.554263
481,2636,신당,6호선,127.016146,37.566154
483,2633,버티고개,6호선,127.007055,37.548013
484,0,,,,
485,0,,,,
486,0,,,,
487,0,,,,
488,0,,,,
489,0,,,,
490,0,,,,
491,0,,,,
492,0,,,,
493,0,,,,
494,0,,,,
495,0,,,,
497,0,,,,
498,0,,,,
500,2728,어린이대공원,7호선,127.074658,37.548014
501,0,,,,
502,2730,뚝섬유원지,7호선,127.066704,37.53154
505,0,,,,
506,0,,,,
507,0,,,,
508,0,,,,
509,0,,,,
510,0,,,,
511,1847,서울숲,분당선,127.044707,37.543617
512,0,,,,
513,0,,,,
514,0,,,,
515,0,,,,
516,0,,,,
518,0,,,,
519,0,,,,
520,207,상왕십리,2호선,127.029354,37.564354
521,0,,,,
522,324,금호,3호선,127.015872,37.548034
523,0,,,,
524,0,,,,
525,0,,,,
526,0,,,,
529,2544,장한평,5호선,127.064623,37.56144
530,0,,,,
533,0,,,,
534,0,,,,
535,0,,,,
536,2540,행당,5호선,127.029476,37.557322
537,0,,,,
538,0,,,,
539,0,,,,
540,2727,군자,7호선,127.079338,37.556897
542,214,강변,2호선,127.094681,37.535095
543,214,강변,2호선,127.094681,37.535095
544,0,,,,
546,0,,,,
548,0,,,,
549,2546,아차산,5호선,127.089761,37.551691
550,0,,,,
551,0,,,,
552,0,,,,
553,0,,,,
555,0,,,,
556,0,,,,
557,0,,,,
558,0,,,,
559,2541,왕십리,5호선,127.037059,37.56184
560,0,,,,
561,1847,서울숲,분당선,127.044707,37.543617
562,0,,,,
563,0,,,,
564,324,금호,3호선,127.015872,37.548034
565,1011,옥수,경원선,127.018672,37.540446
567,211,성수,2호선,127.055961,37.544581
568,0,,,,
569,0,,,,
571,2728,어린이대공원,7호선,127.074658,37.548014
572,0,,,,
573,0,,,,
574,2546,아차산,5호선,127.089761,37.551691
575,0,,,,
576,2547,광나루,5호선,127.10357,37.545303
577,0,,,,
578,0,,,,
579,2542,마장,5호선,127.042973,37.5661
582,0,,,,
583,0,,,,
584,0,,,,
585,0,,,,
586,0,,,,
587,0,,,,
588,2730,뚝섬유원지,7호선,127.066704,37.53154
589,211,성수,2호선,127.055961,37.544581
590,0,,,,
591,0,,,,
592,0,,,,
593,0,,,,
594,0,,,,
600,0,,,,
601,0,,,,
602,0,,,,
604,0,,,,
605,0,,,,
606,0,,,,
607,1017,신이문,경원선,127.067325,37.601854
608,0,,,,
609,0,,,,
610,0,,,,
612,0,,,,
613,4713,신설동,우이신설선,127.023242,37.576095
614,0,,,,
615,0,,,,
616,0,,,,
617,0,,,,
621,0,,,,
622,0,,,,
623,0,,,,
624,0,,,,
625,0,,,,
626,0,,,,
627,0,,,,
628,0,,,,
630,0,,,,
631,0,,,,
633,158,청량리,1호선,127.044585,37.579956
634,0,,,,
635,0,,,,
636,0,,,,
637,0,,,,
638,0,,,,
639,0,,,,
640,0,,,,
641,250,용두,2호선,127.038091,37.574028
642,0,,,,
643,0,,,,
646,2544,장한평,5호선,127.064623,37.56144
647,1017,신이문,경원선,127.067325,37.601854
648,0,,,,
650,0,,,,
652,0,,,,
654,0,,,,
656,0,,,,
657,0,,,,
658,0,,,,
659,157,제기동,1호선,127.034893,37.578103
660,0,,,,
661,0,,,,
663,1016,외대앞,경원선,127.063549,37.596073
664,0,,,,
665,0,,,,
666,0,,,,
667,0,,,,
668,0,,,,
669,0,,,,
670,0,,,,
671,4713,신설동,우이신설선,127.023242,37.576095
672,0,,,,
673,0,,,,
674,0,,,,
676,0,,,,
677,158,청량리,1호선,127.044585,37.579956
678,0,,,,
679,0,,,,
680,0,,,,
681,0,,,,
700,0,,,,
701,0,,,,
702,0,,,,
703,2522,오목교,5호선,126.875181,37.524496
704,0,,,,
706,0,,,,
708,0,,,,
709,0,,,,
710,0,,,,
711,0,,,,
712,0,,,,
713,0,,,,
714,0,,,,
716,0,,,,
719,0,,,,
720,0,,,,
722,0,,,,
723,0,,,,
724,0,,,,
725,0,,,,
726,0,,,,
729,0,,,,
731,0,,,,
732,0,,,,
733,0,,,,
734,0,,,,
735,0,,,,
736,0,,,,
737,0,,,,
739,0,,,,
740,0,,,,
741,0,,,,
742,4109,등촌,9호선,126.865689,37.550632
743,0,,,,
744,4111,신목동,9호선,126.88308,37.544277
745,0,,,,
746,0,,,,
747,0,,,,
748,0,,,,
749,0,,,,
750,0,,,,
752,0,,,,
754,0,,,,
755,0,,,,
756,0,,,,
757,0,,,,
758,0,,,,
759,0,,,,
760,0,,,,
762,0,,,,
763,0,,,,
764,0,,,,
765,2522,오목교,5호선,126.875181,37.524496
766,4111,신목동,9호선,126.88308,37.544277
767,0,,,,
768,0,,,,
769,0,,,,
770,2521,목동,5호선,126.864931,37.526065
771,0,,,,
773,4110,염창,9호선,126.874916,37.546936
774,0,,,,
775,0,,,,
776,0,,,,
777,0,,,,
779,0,,,,
780,0,,,,
781,0,,,,
782,0,,,,
785,0,,,,
786,0,,,,
787,0,,,,
788,248,양천구청,2호선,126.865819,37.512398
790,0,,,,
791,0,,,,
792,0,,,,
793,0,,,,
794,0,,,,
795,0,,,,
796,0,,,,
797,0,,,,
800,0,,,,
802,0,,,,
803,0,,,,
805,0,,,,
806,0,,,,
807,426,서울역,4호선,126.972556,37.55281
808,1009,서빙고,경원선,126.988537,37.519594
809,0,,,,
810,0,,,,
811,2630,녹사평,6호선,126.986695,37.534675
812,0,,,,
813,428,삼각지,4호선,126.9726,37.534075
815,0,,,,
816,429,신용산,4호선,126.967894,37.52917
817,428,삼각지,4호선,126.9726,37.534075
818,0,,,,
819,1002,남영,경부선,126.9713,37.541021
820,0,,,,
822,0,,,,
823,0,,,,
825,0,,,,
826,0,,,,
827,0,,,,
828,427,숙대입구,4호선,126.972106,37.54456
829,0,,,,
830,0,,,,
831,0,,,,
832,1008,이촌,경원선,126.973406,37.522427
834,2628,효창공원앞,6호선,126.961384,37.539233
835,1002,남영,경부선,126.9713,37.541021
836,0,,,,
837,0,,,,
838,427,숙대입구,4호선,126.972106,37.54456
839,0,,,,
840,0,,,,
841,429,신용산,4호선,126.967894,37.52917
843,0,,,,
844,0,,,,
845,0,,,,
846,0,,,,
847,0,,,,
848,2629,삼각지,6호선,126.974032,37.535534
849,2629,삼각지,6호선,126.974032,37.535534
850,0,,,,
851,0,,,,
852,0,,,,
853,0,,,,
854,2632,한강진,6호선,127.001725,37.539631
855,1008,이촌,경원선,126.973406,37.522427
857,0,,,,
858,2630,녹사평,6호선,126.986695,37.534675
859,0,,,,
860,0,,,,
863,0,,,,
864,0,,,,
865,0,,,,
866,0,,,,
867,1009,서빙고,경원선,126.988537,37.519594
869,0,,,,
870,0,,,,
900,0,,,,
901,0,,,,
902,0,,,,
903,0,,,,
904,0,,,,
905,310,구파발,3호선,126.918821,37.636763
906,0,,,,
907,2611,응암,6호선,126.915577,37.598605
908,0,,,,
909,0,,,,
911,2612,역촌,6호선,126.922744,37.606021
912,0,,,,
913,0,,,,
914,2617,새절,6호선,126.913629,37.591148
915,2618,증산,6호선,126.909645,37.583876
916,0,,,,
917,313,녹번,3호선,126.935756,37.600927
919,0,,,,
921,0,,,,
922,0,,,,
923,0,,,,
924,0,,,,
925,312,불광,3호선,126.92982,37.610553
927,0,,,,
928,0,,,,
930,0,,,,
931,0,,,,
932,0,,,,
933,0,,,,
934,0,,,,
937,0,,,,
938,0,,,,
939,0,,,,
941,0,,,,
942,0,,,,
943,0,,,,
945,0,,,,
946,2614,독바위,6호선,126.933031,37.618456
947,0,,,,
948,2619,디지털미디어시티,6호선,126.901391,37.576108
949,2615,연신내,6호선,126.920625,37.618636
950,2616,구산,6호선,126.91727,37.611377
952,0,,,,
953,0,,,,
954,0,,,,
956,0,,,,
958,0,,,,
959,0,,,,
960,0,,,,
961,2613,불광,6호선,126.92939,37.610873
962,0,,,,
963,0,,,,
964,0,,,,
965,0,,,,
966,0,,,,
967,0,,,,
968,0,,,,
969,0,,,,
971,0,,,,
972,0,,,,
973,0,,,,
974,0,,,,
975,0,,,,
976,0,,,,
977,0,,,,
978,313,녹번,3호선,126.935756,37.600927
979,0,,,,
982,0,,,,
984,0,,,,
985,0,,,,
989,2617,새절,6호선,126.913629,37.591148
991,0,,,,
992,0,,,,
993,0,,,,
994,0,,,,
995,0,,,,
996,2611,응암,6호선,126.915577,37.598605
1001,0,,,,
1002,0,,,,
1003,0,,,,
1004,0,,,,
1006,0,,,,
1007,0,,,,
1008,2811,암사,8호선,127.127562,37.55021
1009,2812,천호,8호선,127.123254,37.538113
1010,0,,,,
1011,0,,,,
1012,0,,,,
1013,2813,강동구청,8호선,127.120508,37.530341
1015,0,,,,
1016,0,,,,
1017,0,,,,
1018,0,,,,
1019,0,,,,
1020,0,,,,
1021,0,,,,
1022,0,,,,
1023,0,,,,
1024,0,,,,
1025,0,,,,
1026,0,,,,
1027,0,,,,
1028,0,,,,
1029,0,,,,
1030,0,,,,
1031,0,,,,
1032,0,,,,
1033,0,,,,
1034,0,,,,
1035,2553,고덕,5호선,127.154151,37.555004
1036,0,,,,
1037,0,,,,
1038,0,,,,
1039,0,,,,
1041,0,,,,
1042,0,,,,
1044,2551,굽은다리,5호선,127.142853,37.545477
1047,0,,,,
1048,0,,,,
1049,0,,,,
1050,2555,둔촌동,5호선,127.136248,37.527788
1051,0,,,,
1052,0,,,,
1053,0,,,,
1054,0,,,,
1056,0,,,,
1057,0,,,,
1058,0,,,,
1059,0,,,,
1060,0,,,,
1061,0,,,,
1062,0,,,,
1063,0,,,,
1064,0,,,,
1065,0,,,,
1066,0,,,,
1067,0,,,,
1068,0,,,,
1069,0,,,,
1070,0,,,,
1071,0,,,,
1072,2553,고덕,5호선,127.154151,37.555004
1073,0,,,,
1074,0,,,,
1075,0,,,,
1076,0,,,,
1077,2549,강동,5호선,127.132481,37.535804
1078,0,,,,
1079,0,,,,
1080,0,,,,
1081,0,,,,
1082,4138,중앙보훈병원,9호선(연장),127.148739,37.529191
1083,0,,,,
1084,0,,,,
1085,0,,,,
1086,0,,,,
1088,0,,,,
1089,0,,,,
1090,2554,상일동,5호선,127.166417,37.556712
1101,0,,,,
1102,0,,,,
1103,2511,방화,5호선,126.812741,37.577446
1105,0,,,,
1106,0,,,,
1108,4103,공항시장,9호선,126.810678,37.563726
1109,4103,공항시장,9호선,126.810678,37.563726
1110,0,,,,
1111,0,,,,
1112,0,,,,
1113,0,,,,
1115,0,,,,
1117,0,,,,
1118,4108,증미,9호선,126.861939,37.557402
1119,0,,,,
1120,0,,,,
1121,0,,,,
1122,0,,,,
1124,2516,발산,5호선,126.837668,37.558598
1125,0,,,,
1126,2517,우장산,5호선,126.836318,37.548768
1127,0,,,,
1128,2518,화곡,5호선,126.840461,37.541513
1129,2518,화곡,5호선,126.840461,37.541513
1130,0,,,,
1131,0,,,,
1132,0,,,,
1135,0,,,,
1136,0,,,,
1137,0,,,,
1139,0,,,,
1140,0,,,,
1141,0,,,,
1145,0,,,,
1146,0,,,,
1148,0,,,,
1149,0,,,,
1150,2514,송정,5호선,126.811973,37.561184
1151,0,,,,
1152,0,,,,
1153,2516,발산,5호선,126.837668,37.558598
1155,0,,,,
1157,0,,,,
1158,4107,가양,9호선,126.854456,37.561391
1159,0,,,,
1160,4106,양천향교,9호선,126.841333,37.568381
1161,0,,,,
1162,0,,,,
1163,0,,,,
1165,0,,,,
1166,0,,,,
1167,0,,,,
1168,0,,,,
1169,4110,염창,9호선,126.874916,37.546936
1170,0,,,,
1171,0,,,,
1172,0,,,,
1173,0,,,,
1174,0,,,,
1175,0,,,,
1177,0,,,,
1178,2512,개화산,5호선,126.806171,37.572399
1180,0,,,,
1181,0,,,,
1182,0,,,,
1183,0,,,,
1184,0,,,,
1185,0,,,,
1186,0,,,,
1187,0,,,,
1188,0,,,,
1190,2515,마곡,5호선,126.825448,37.560183
1191,0,,,,
1192,0,,,,
1193,0,,,,
1194,0,,,,
1195,0,,,,
1196,0,,,,
1197,0,,,,
1198,0,,,,
1199,2517,우장산,5호선,126.836318,37.548768
1200,4101,개화,9호선,126.798153,37.578608
1201,2818,가락시장,8호선,127.118398,37.492888
1203,0,,,,
1204,2560,거여,5호선,127.14415,37.493105
1205,0,,,,
1206,0,,,,
1207,0,,,,
1208,2813,강동구청,8호선,127.120508,37.530341
1209,215,잠실나루,2호선,127.10379,37.520733
1210,216,잠실,2호선,127.100159,37.513262
1211,0,,,,
1212,2817,송파,8호선,127.112183,37.499703
1213,0,,,,
1214,2558,오금,5호선,127.127938,37.502057
1215,4136,올림픽공원,9호선(연장),127.130288,37.516269
1217,0,,,,
1218,2557,방이,5호선,127.126133,37.508857
1220,0,,,,
1221,4131,삼전,9호선(연장),127.088025,37.504738
1222,217,잠실새내,2호선,127.086162,37.511687
1224,0,,,,
1226,0,,,,
1227,2560,거여,5호선,127.14415,37.493105
1228,0,,,,
1229,0,,,,
1230,0,,,,
1231,216,잠실,2호선,127.100159,37.513262
1232,0,,,,
1233,0,,,,
1235,0,,,,
1239,0,,,,
1240,0,,,,
1241,0,,,,
1242,0,,,,
1243,0,,,,
1244,0,,,,
1245,2820,장지,8호선,127.126191,37.478703
1246,2820,장지,8호선,127.126191,37.478703
1247,0,,,,
1248,0,,,,
1249,0,,,,
1250,0,,,,
1251,4133,석촌,9호선(연장),127.10704,37.505208
1253,2558,오금,5호선,127.127938,37.502057
1256,0,,,,
1257,2818,가락시장,8호선,127.118398,37.492888
1258,0,,,,
1259,2557,방이,5호선,127.126133,37.508857
1260,0,,,,
1262,0,,,,
1263,0,,,,
1264,2812,천호,8호선,127.123254,37.538113
1265,0,,,,
1266,0,,,,
1267,0,,,,
1268,0,,,,
1269,0,,,,
1271,0,,,,
1274,0,,,,
1275,0,,,,
1277,0,,,,
1278,0,,,,
1279,0,,,,
1280,0,,,,
1282,0,,,,
1283,0,,,,
1285,0,,,,
1286,0,,,,
1287,0,,,,
1288,0,,,,
1289,0,,,,
1290,0,,,,
1291,0,,,,
1293,0,,,,
1295,216,잠실,2호선,127.100159,37.513262
1296,0,,,,
1297,0,,,,
1299,4137,둔촌오륜,9호선(연장),127.137989,37.519683
1300,0,,,,
1302,419,한성대입구,4호선,127.006221,37.588458
1303,0,,,,
1304,0,,,,
1305,0,,,,
1306,419,한성대입구,4호선,127.006221,37.588458
1308,0,,,,
1314,0,,,,
1315,0,,,,
1316,0,,,,
1318,417,길음,4호선,127.025053,37.603407
1319,0,,,,
1321,0,,,,
1322,0,,,,
1323,0,,,,
1325,2643,상월곡,6호선,127.048491,37.606377
1326,2643,상월곡,6호선,127.048491,37.606377
1327,0,,,,
1328,2642,월곡,6호선,127.041518,37.601948
1332,1018,석계,경원선,127.065934,37.614532
1333,0,,,,
1334,0,,,,
1336,0,,,,
1337,0,,,,
1338,0,,,,
1339,0,,,,
1340,0,,,,
1342,0,,,,
1343,419,한성대입구,4호선,127.006221,37.588458
1344,0,,,,
1346,0,,,,
1347,0,,,,
1348,0,,,,
1349,0,,,,
1351,0,,,,
1352,0,,,,
1353,0,,,,
1354,2641,고려대,6호선,127.036296,37.590508
1355,0,,,,
1357,4709,북한산보국문,우이신설선,127.008251,37.612072
1358,0,,,,
1359,0,,,,
1360,4710,정릉,우이신설선,127.013396,37.603133
1361,0,,,,
1362,4712,보문,우이신설선,127.019381,37.585286
1363,0,,,,
1364,0,,,,
1365,0,,,,
1366,0,,,,
1367,0,,,,
1368,0,,,,
1369,0,,,,
1370,0,,,,
1372,0,,,,
1373,0,,,,
1375,0,,,,
1376,0,,,,
1377,0,,,,
1379,0,,,,
1380,2642,월곡,6호선,127.041518,37.601948
1381,2645,석계,6호선,127.065595,37.614872
1382,0,,,,
1384,4711,성신여대입구,우이신설선,127.016516,37.592467
1385,4711,성신여대입구,우이신설선,127.016516,37.592467
1386,0,,,,
1388,0,,,,
1390,0,,,,
1391,0,,,,
1392,0,,,,
1393,0,,,,
1394,0,,,,
1395,0,,,,
1396,0,,,,
1401,0,,,,
1402,0,,,,
1403,1201,중랑,중앙선,127.076116,37.594917
1404,0,,,,
1405,1203,망우,중앙선,127.091909,37.59955
1406,1204,양원,중앙선,127.107906,37.606596
1407,2720,먹골,7호선,127.077725,37.610637
1408,2720,먹골,7호선,127.077725,37.610637
1410,0,,,,
1411,0,,,,
1412,0,,,,
1413,2648,봉화산,6호선,127.091401,37.617283
1414,2724,사가정,7호선,127.088478,37.580894
1416,2722,상봉,7호선,127.085716,37.595577
1418,0,,,,
1420,0,,,,
1421,2649,신내,6호선,127.102231,37.613174
1422,0,,,,
1424,1204,양원,중앙선,127.107906,37.606596
1425,0,,,,
1426,2725,용마산,7호선,127.086727,37.573647
1427,2725,용마산,7호선,127.086727,37.573647
1428,0,,,,
1429,0,,,,
1430,0,,,,
1431,0,,,,
1433,2721,중화,7호선,127.079264,37.602545
1435,0,,,,
1436,0,,,,
1437,0,,,,
1438,0,,,,
1440,0,,,,
1441,0,,,,
1442,0,,,,
1444,0,,,,
1445,0,,,,
1446,0,,,,
1447,2723,면목,7호선,127.087503,37.588579
1448,0,,,,
1449,2722,상봉,7호선,127.085716,37.595577
1450,2647,화랑대,6호선,127.084689,37.620064
1451,0,,,,
1452,0,,,,
1453,0,,,,
1454,0,,,,
1455,2722,상봉,7호선,127.085716,37.595577
1456,0,,,,
1457,0,,,,
1458,0,,,,
1459,0,,,,
1461,1201,중랑,중앙선,127.076116,37.594917
1462,1201,중랑,중앙선,127.076116,37.594917
1463,0,,,,
1464,2721,중화,7호선,127.079264,37.602545
1465,0,,,,
1466,0,,,,
1467,2649,신내,6호선,127.102231,37.613174
1468,2720,먹골,7호선,127.077725,37.610637
1469,2720,먹골,7호선,127.077725,37.610637
1470,0,,,,
1471,0,,,,
1472,0,,,,
1473,1201,중랑,중앙선,127.076116,37.594917
1474,0,,,,
1477,0,,,,
1478,0,,,,
1479,0,,,,
1480,0,,,,
1501,415,미아,4호선,127.025983,37.62667
1503,0,,,,
1504,0,,,,
1506,0,,,,
1509,0,,,,
1510,0,,,,
1511,0,,,,
1512,0,,,,
1513,0,,,,
1514,0,,,,
1515,0,,,,
1516,0,,,,
1518,0,,,,
1519,0,,,,
1520,0,,,,
1522,0,,,,
1525,415,미아,4호선,127.025983,37.62667
1526,0,,,,
1527,415,미아,4호선,127.025983,37.62667
1528,0,,,,
1529,0,,,,
1530,0,,,,
1531,416,미아사거리,4호선,127.030053,37.613292
1532,0,,,,
1533,0,,,,
1535,0,,,,
1536,0,,,,
1537,4701,북한산우이,우이신설선,127.012706,37.662909
1538,4702,솔밭공원,우이신설선,127.013273,37.65603
1539,4703,4.19민주묘지,우이신설선,127.013684,37.649502
1540,4704,가오리,우이신설선,127.016789,37.641537
1541,4706,삼양,우이신설선,127.018106,37.626914
1542,4707,삼양사거리,우이신설선,127.020473,37.621337
1543,0,,,,
1546,0,,,,
1547,0,,,,
1548,0,,,,
1550,0,,,,
1551,0,,,,
1552,0,,,,
1553,0,,,,
1554,0,,,,
1557,0,,,,
1558,0,,,,
1560,0,,,,
1564,4703,4.19민주묘지,우이신설선,127.013684,37.649502
1565,0,,,,
1568,0,,,,
1569,414,수유,4호선,127.025732,37.638052
1571,0,,,,
1572,0,,,,
1573,0,,,,
1574,0,,,,
1601,2645,석계,6호선,127.065595,37.614872
1602,1019,광운대,경원선,127.061835,37.623632
1605,0,,,,
1606,2719,태릉입구,7호선,127.075397,37.618294
1608,2718,공릉,7호선,127.072896,37.625742
1610,2647,화랑대,6호선,127.084689,37.620064
1611,0,,,,
1616,2717,하계,7호선,127.06799,37.636352
1617,0,,,,
1619,0,,,,
1620,0,,,,
1625,410,상계,4호선,127.073572,37.660878
1627,2713,수락산,7호선,127.055315,37.67785
1628,0,,,,
1630,0,,,,
1634,0,,,,
1635,0,,,,
1636,0,,,,
1637,0,,,,
1639,0,,,,
1640,0,,,,
1641,0,,,,
1642,0,,,,
1643,2719,태릉입구,7호선,127.075397,37.618294
1646,0,,,,
1650,0,,,,
1651,0,,,,
1652,0,,,,
1653,411,노원,4호선,127.063276,37.65627
1654,0,,,,
1655,0,,,,
1656,0,,,,
1657,0,,,,
1659,0,,,,
1660,0,,,,
1661,0,,,,
1662,2715,노원,7호선,127.060462,37.654836
1663,0,,,,
1664,0,,,,
1665,0,,,,
1666,0,,,,
1667,0,,,,
1668,2716,중계,7호선,127.064303,37.644583
1669,2716,중계,7호선,127.064303,37.644583
1670,0,,,,
1671,0,,,,
1672,0,,,,
1673,2715,노원,7호선,127.060462,37.654836
1674,0,,,,
1675,0,,,,
1677,0,,,,
1678,0,,,,
1679,0,,,,
1680,0,,,,
1681,0,,,,
1682,0,,,,
1683,0,,,,
1684,2719,태릉입구,7호선,127.075397,37.618294
1685,0,,,,
1686,0,,,,
1688,2714,마들,7호선,127.057675,37.66494
1689,2714,마들,7호선,127.057675,37.66494
1690,0,,,,
1691,0,,,,
1692,0,,,,
1693,0,,,,
1696,0,,,,
1697,0,,,,
1702,0,,,,
1703,2712,도봉산,7호선,127.046509,37.689241
1705,0,,,,
1706,0,,,,
1707,0,,,,
1708,0,,,,
1709,0,,,,
1713,0,,,,
1714,0,,,,
1715,0,,,,
1716,0,,,,
1717,0,,,,
1719,0,,,,
1720,0,,,,
1721,1022,창동,경원선,127.047806,37.653007
1722,0,,,,
1723,0,,,,
1725,0,,,,
1726,0,,,,
1727,0,,,,
1728,0,,,,
1729,0,,,,
1730,0,,,,
1731,0,,,,
1732,1901,방학,경원선,127.044273,37.667503
1733,0,,,,
1734,0,,,,
1735,1902,도봉,경원선,127.045595,37.679563
1736,0,,,,
1737,0,,,,
1738,0,,,,
1741,0,,,,
1742,0,,,,
1743,0,,,,
1744,0,,,,
1746,0,,,,
1748,0,,,,
1749,0,,,,
1750,0,,,,
1751,0,,,,
1752,0,,,,
1754,0,,,,
1756,0,,,,
1757,4702,솔밭공원,우이신설선,127.013273,37.65603
1758,4702,솔밭공원,우이신설선,127.013273,37.65603
1759,0,,,,
1761,0,,,,
1762,0,,,,
1765,413,쌍문,4호선,127.034709,37.648627
1767,0,,,,
1768,0,,,,
1770,0,,,,
1771,0,,,,
1772,0,,,,
1774,0,,,,
1775,0,,,,
1804,1714,독산,경부선,126.889249,37.466613
1805,0,,,,
1806,0,,,,
1808,0,,,,
1809,0,,,,
1812,0,,,,
1814,0,,,,
1816,0,,,,
1819,0,,,,
1820,0,,,,
1821,0,,,,
1822,0,,,,
1823,0,,,,
1824,0,,,,
1825,0,,,,
1826,0,,,,
1827,1703,금천구청,경부선,126.89398,37.455626
1828,0,,,,
1829,0,,,,
1830,0,,,,
1831,0,,,,
1833,1714,독산,경부선,126.889249,37.466613
1834,0,,,,
1835,0,,,,
1836,0,,,,
1839,0,,,,
1840,0,,,,
1841,0,,,,
1842,0,,,,
1843,0,,,,
1845,0,,,,
1846,0,,,,
1847,0,,,,
1848,0,,,,
1849,0,,,,
1850,0,,,,
1851,2748,가산디지털단지,7호선,126.882656,37.480338
1852,0,,,,
1853,0,,,,
1854,0,,,,
1855,0,,,,
1856,0,,,,
1857,0,,,,
1858,0,,,,
1859,0,,,,
1861,0,,,,
1862,0,,,,
1863,0,,,,
1864,0,,,,
1865,0,,,,
1866,0,,,,
1867,2748,가산디지털단지,7호선,126.882656,37.480338
1868,0,,,,
1869,0,,,,
1870,0,,,,
1901,0,,,,
1904,247,도림천,2호선,126.882768,37.514287
1906,1007,신도림,경부선,126.891144,37.508787
1907,0,,,,
1908,0,,,,
1910,0,,,,
1911,232,구로디지털단지,2호선,126.901401,37.485266
1912,0,,,,
1913,0,,,,
1914,233,대림,2호선,126.894932,37.493243
1916,0,,,,
1920,0,,,,
1924,0,,,,
1925,0,,,,
1928,0,,,,
1929,0,,,,
1930,0,,,,
1931,1801,개봉,경인선,126.85968,37.494594
1933,0,,,,
1936,1801,개봉,경인선,126.85968,37.494594
1937,0,,,,
1941,1802,오류동,경인선,126.845365,37.494526
1943,1821,온수,경인선,126.824086,37.492433
1946,1701,구로,경부선,126.881966,37.503039
1951,0,,,,
1952,0,,,,
1953,2751,천왕,7호선,126.838713,37.486637
1955,0,,,,
1956,0,,,,
1957,0,,,,
1958,0,,,,
1959,0,,,,
1960,0,,,,
1961,1007,신도림,경부선,126.891144,37.508787
1962,0,,,,
1964,0,,,,
1965,0,,,,
1966,0,,,,
1967,0,,,,
1968,0,,,,
1969,0,,,,
1971,0,,,,
1973,0,,,,
1974,0,,,,
1975,233,대림,2호선,126.894932,37.493243
1976,2747,남구로,7호선,126.887249,37.486056
1977,2751,천왕,7호선,126.838713,37.486637
1979,0,,,,
1981,0,,,,
1983,0,,,,
1984,0,,,,
1985,0,,,,
1986,0,,,,
1987,0,,,,
1988,0,,,,
1991,0,,,,
1992,0,,,,
1993,0,,,,
1994,1813,구일,경인선,126.870793,37.496756
1996,0,,,,
1998,0,,,,
1999,0,,,,
2000,0,,,,
2002,4118,노들,9호선,126.953222,37.512887
2003,0,,,,
2007,0,,,,
2008,0,,,,
2009,2744,보라매,7호선,126.920428,37.499872
2012,0,,,,
2013,2742,장승배기,7호선,126.93915,37.504898
2015,2743,신대방삼거리,7호선,126.928276,37.499701
2016,2743,신대방삼거리,7호선,126.928276,37.499701
2020,2742,장승배기,7호선,126.93915,37.504898
2024,2741,상도,7호선,126.94791,37.502834
2025,4119,흑석,9호선,126.963708,37.50877
2026,4119,흑석,9호선,126.963708,37.50877
2027,0,,,,
2032,2738,이수,7호선,126.981605,37.485196
2033,0,,,,
2034,433,사당,4호선,126.981651,37.476955
2036,0,,,,
2037,4120,동작,9호선,126.978153,37.502878
2038,0,,,,
2040,0,,,,
2041,0,,,,
2048,0,,,,
2050,4117,노량진,9호선,126.941005,37.513534
2054,0,,,,
2056,0,,,,
2057,0,,,,
2058,1004,노량진,경부선,126.94271,37.514149
2059,0,,,,
2060,2739,남성,7호선,126.971251,37.484596
2061,0,,,,
2062,0,,,,
2063,1005,대방,경부선,126.926382,37.513342
2064,0,,,,
2065,0,,,,
2066,0,,,,
2067,0,,,,
2068,0,,,,
2069,2740,숭실대입구,7호선,126.953822,37.496029
2070,1004,노량진,경부선,126.94271,37.514149
2071,0,,,,
2076,0,,,,
2077,4118,노들,9호선,126.953222,37.512887
2078,0,,,,
2079,0,,,,
2080,0,,,,
2082,2738,이수,7호선,126.981605,37.485196
2083,0,,,,
2084,0,,,,
2085,0,,,,
2086,0,,,,
2088,0,,,,
2089,0,,,,
2090,0,,,,
2091,0,,,,
2092,0,,,,
2093,0,,,,
2094,0,,,,
2095,0,,,,
2096,0,,,,
2102,0,,,,
2103,0,,,,
2104,433,사당,4호선,126.981651,37.476955
2105,0,,,,
2106,0,,,,
2107,0,,,,
2108,0,,,,
2109,0,,,,
2110,0,,,,
2111,228,서울대입구,2호선,126.952739,37.481247
2112,0,,,,
2113,0,,,,
2115,0,,,,
2116,0,,,,
2119,0,,,,
2122,0,,,,
2127,0,,,,
2128,0,,,,
2129,0,,,,
2130,0,,,,
2135,230,신림,2호선,126.929715,37.484201
2136,230,신림,2호선,126.929715,37.484201
2137,0,,,,
2139,0,,,,
2140,0,,,,
2141,0,,,,
2143,0,,,,
2144,0,,,,
2145,0,,,,
2148,227,낙성대,2호선,126.963693,37.47693
2156,0,,,,
2159,0,,,,
2164,0,,,,
2165,0,,,,
2167,227,낙성대,2호선,126.963693,37.47693
2169,229,봉천,2호선,126.941892,37.482362
2170,0,,,,
2171,228,서울대입구,2호선,126.952739,37.481247
2172,0,,,,
2173,0,,,,
2174,0,,,,
2175,0,,,,
2176,0,,,,
2177,231,신대방,2호선,126.913149,37.487462
2178,0,,,,
2179,0,,,,
2183,0,,,,
2184,0,,,,
2185,0,,,,
2186,0,,,,
2187,0,,,,
2189,229,봉천,2호선,126.941892,37.482362
2190,0,,,,
2191,0,,,,
2195,0,,,,
2196,0,,,,
2198,0,,,,
2199,0,,,,
2201,0,,,,
2202,0,,,,
2203,4310,청계산입구,신분당선,127.055664,37.447211
2205,0,,,,
2206,0,,,,
2207,0,,,,
2210,0,,,,
2211,0,,,,
2212,0,,,,
2213,0,,,,
2214,0,,,,
2215,0,,,,
2217,0,,,,
2219,4123,고속터미널,9호선,127.004403,37.50598
2220,4121,구반포,9호선,126.987332,37.501364
2221,0,,,,
2222,433,사당,4호선,126.981651,37.476955
2223,0,,,,
2225,0,,,,
2226,0,,,,
2227,0,,,,
2228,0,,,,
2229,0,,,,
2230,2738,이수,7호선,126.981605,37.485196
2231,0,,,,
2233,0,,,,
2235,0,,,,
2237,331,남부터미널,3호선,127.016189,37.485013
2239,330,교대(법원.검찰청),3호선,127.013786,37.493025
2241,0,,,,
2242,4308,양재,신분당선,127.034653,37.483809
2243,0,,,,
2244,0,,,,
2245,0,,,,
2246,0,,,,
2247,0,,,,
2248,0,,,,
2249,0,,,,
2250,0,,,,
2251,0,,,,
2252,0,,,,
2255,4309,양재시민의숲,신분당선,127.03842,37.470023
2256,0,,,,
2257,0,,,,
2258,0,,,,
2259,328,잠원,3호선,127.01122,37.512759
2262,0,,,,
2263,0,,,,
2264,0,,,,
2265,0,,,,
2266,0,,,,
2268,0,,,,
2269,0,,,,
2270,0,,,,
2271,2737,내방,7호선,126.993513,37.487618
2272,0,,,,
2273,0,,,,
2274,4309,양재시민의숲,신분당선,127.03842,37.470023
2275,0,,,,
2276,0,,,,
2277,0,,,,
2279,330,교대(법원.검찰청),3호선,127.013786,37.493025
2280,0,,,,
2281,0,,,,
2282,0,,,,
2283,0,,,,
2284,0,,,,
2285,0,,,,
2286,0,,,,
2287,0,,,,
2288,0,,,,
2289,434,남태령,4호선,126.989134,37.463873
2293,0,,,,
2294,0,,,,
2297,331,남부터미널,3호선,127.016189,37.485013
2298,0,,,,
2299,0,,,,
2301,0,,,,
2302,4125,신논현,9호선,127.02506,37.504598
2303,2734,논현,7호선,127.021415,37.511093
2304,0,,,,
2305,0,,,,
2306,326,압구정,3호선,127.028461,37.527072
2307,0,,,,
2308,0,,,,
2309,0,,,,
2310,0,,,,
2311,0,,,,
2312,0,,,,
2313,0,,,,
2314,0,,,,
2315,4129,봉은사,9호선(연장),127.060245,37.514219
2316,219,삼성,2호선,127.06316,37.508844
2317,0,,,,
2318,0,,,,
2319,0,,,,
2320,0,,,,
2321,336,학여울,3호선,127.070594,37.496663
2322,219,삼성,2호선,127.06316,37.508844
2323,0,,,,
2324,0,,,,
2325,0,,,,
2326,0,,,,
2327,0,,,,
2328,0,,,,
2329,0,,,,
2330,0,,,,
2331,0,,,,
2332,1023,선릉,분당선,127.048807,37.504856
2333,332,양재,3호선,127.033902,37.484477
2334,0,,,,
2335,333,매봉,3호선,127.046769,37.486947
2336,0,,,,
2337,1028,대모산입구,분당선,127.07272,37.491373
2339,0,,,,
2340,0,,,,
2341,338,일원,3호선,127.08439,37.483681
2342,337,대청,3호선,127.079532,37.493514
2343,0,,,,
2344,0,,,,
2347,0,,,,
2348,0,,,,
2349,0,,,,
2350,0,,,,
2351,0,,,,
2352,0,,,,
2353,2732,강남구청,7호선,127.041255,37.517179
2354,0,,,,
2355,219,삼성,2호선,127.06316,37.508844
2356,0,,,,
2357,0,,,,
2358,0,,,,
2359,0,,,,
2360,0,,,,
2362,0,,,,
2363,0,,,,
2364,0,,,,
2365,0,,,,
2368,0,,,,
2369,0,,,,
2370,1024,한티,분당선,127.052873,37.496237
2371,0,,,,
2372,335,대치,3호선,127.063642,37.494612
2373,1027,개포동,분당선,127.06614,37.489116
2375,1030,수서,분당선,127.101422,37.487472
2376,1030,수서,분당선,127.101422,37.487472
2377,1030,수서,분당선,127.101422,37.487472
2380,0,,,,
2381,4126,언주,9호선(연장),127.033868,37.507287
2382,0,,,,
2383,0,,,,
2384,0,,,,
2385,2733,학동,7호선,127.031656,37.514229
2386,0,,,,
2387,0,,,,
2388,0,,,,
2389,0,,,,
2390,0,,,,
2391,0,,,,
2392,0,,,,
2393,0,,,,
2394,0,,,,
2395,0,,,,
2396,0,,,,
2398,0,,,,
2401,0,,,,
2403,0,,,,
2404,1028,대모산입구,분당선,127.07272,37.491373
2405,0,,,,
2406,0,,,,
2407,0,,,,
2408,0,,,,
2409,0,,,,
2410,0,,,,
2411,0,,,,
2412,0,,,,
2413,1025,도곡,분당선,127.055186,37.491224
2414,0,,,,
2415,1024,한티,분당선,127.052873,37.496237
2416,1024,한티,분당선,127.052873,37.496237
2417,0,,,,
2418,4129,봉은사,9호선(연장),127.060245,37.514219
2419,4129,봉은사,9호선(연장),127.060245,37.514219
2420,336,학여울,3호선,127.070594,37.496663
2421,4125,신논현,9호선,127.02506,37.504598
2422,0,,,,
2423,0,,,,
2425,0,,,,
2426,0,,,,
2427,0,,,,
2428,0,,,,
2429,1848,압구정로데오,분당선,127.040534,37.527381
2430,221,역삼,2호선,127.036456,37.500622
2431,335,대치,3호선,127.063642,37.494612
2501,0,,,,
2502,224,서초,2호선,127.007917,37.491897
2503,0,,,,
2504,327,신사,3호선,127.020114,37.516334
2505,0,,,,
2506,0,,,,
2508,0,,,,
2509,0,,,,
2510,0,,,,
2511,0,,,,
2514,4124,사평,9호선,127.015259,37.504206
2515,0,,,,
2516,0,,,,
2517,0,,,,
2518,0,,,,
2519,0,,,,
2520,0,,,,
2521,0,,,,
2523,0,,,,
2524,0,,,,
2525,0,,,,
2526,0,,,,
2527,0,,,,
2528,0,,,,
2529,0,,,,
2530,0,,,,
2531,0,,,,
2532,0,,,,
2533,0,,,,
2535,4122,신반포,9호선,126.995925,37.503415
2536,0,,,,
2537,0,,,,
2538,0,,,,
2539,0,,,,
2540,0,,,,
2541,0,,,,
2542,4125,신논현,9호선,127.02506,37.504598
2545,0,,,,
2547,0,,,,
2548,0,,,,
2549,0,,,,
2550,0,,,,
2601,0,,,,
2603,0,,,,
2604,0,,,,
2605,2821,복정,8호선,127.126732,37.471052
2606,0,,,,
2608,0,,,,
2609,0,,,,
2610,0,,,,
2611,0,,,,
2612,0,,,,
2613,0,,,,
2614,0,,,,
2615,0,,,,
2616,0,,,,
2617,0,,,,
2618,4131,삼전,9호선(연장),127.088025,37.504738
2619,4132,석촌고분,9호선(연장),127.097033,37.502558
2620,4134,송파나루,9호선(연장),127.112216,37.510372
2621,4135,한성백제,9호선(연장),127.116503,37.516404
2622,4136,올림픽공원,9호선(연장),127.130288,37.516269
2623,0,,,,
2625,0,,,,
2626,341,경찰병원,3호선,127.12454,37.495918
2627,0,,,,
2628,2819,문정,8호선,127.1225,37.485855
2630,0,,,,
2631,0,,,,
2632,4132,석촌고분,9호선(연장),127.097033,37.502558
2633,0,,,,
2634,0,,,,
2635,217,잠실새내,2호선,127.086162,37.511687
2637,0,,,,
2638,0,,,,
2639,4133,석촌,9호선(연장),127.10704,37.505208
2641,0,,,,
2642,0,,,,
2643,0,,,,
2644,0,,,,
2645,0,,,,
2646,0,,,,
2647,0,,,,
2648,0,,,,
2649,0,,,,
2650,0,,,,
2651,341,경찰병원,3호선,127.12454,37.495918
2652,0,,,,
2653,0,,,,
2654,0,,,,
2655,0,,,,
2656,0,,,,
2657,0,,,,
2658,0,,,,
2659,0,,,,
2701,4206,마곡나루,공항철도1호선,126.827378,37.565543
2702,0,,,,
2703,0,,,,
2704,0,,,,
2706,0,,,,
2707,0,,,,
2708,0,,,,
2709,0,,,,
2710,0,,,,
2711,0,,,,
2712,0,,,,
2713,0,,,,
2715,4105,마곡나루,9호선,126.82731,37.566778
2716,0,,,,
2717,0,,,,
2718,0,,,,
2719,0,,,,
2720,0,,,,
2721,0,,,,
2722,0,,,,
2723,0,,,,
2724,0,,,,
2725,0,,,,
2727,0,,,,
2728,4206,마곡나루,공항철도1호선,126.827378,37.565543
2729,0,,,,
2730,0,,,,
2731,0,,,,
2732,0,,,,
2733,0,,,,
2735,0,,,,
2737,2519,까치산,5호선,126.846683,37.531768
2739,0,,,,
2740,0,,,,
2741,0,,,,
2742,0,,,,
2743,0,,,,
2744,0,,,,
2745,0,,,,
2746,0,,,,
2801,0,,,,
2804,0,,,,
2805,0,,,,
2806,0,,,,
2807,0,,,,
2808,0,,,,
2809,0,,,,
2810,0,,,,
2812,0,,,,
2813,0,,,,
2814,0,,,,
2815,0,,,,
2816,0,,,,
2817,0,,,,
2818,0,,,,
2819,0,,,,
2820,0,,,,
2821,0,,,,
2822,0,,,,
2823,0,,,,
2824,0,,,,
2825,0,,,,
2826,0,,,,
2901,0,,,,
2902,0,,,,
2903,0,,,,
2904,0,,,,
2907,0,,,,
2908,0,,,,
2909,0,,,,
2910,0,,,,
2911,0,,,,
2912,0,,,,
2913,0,,,,
2914,0,,,,
2915,0,,,,
2917,0,,,,
2919,0,,,,
2920,0,,,,
2921,2716,중계,7호선,127.064303,37.644583
3002,0,,,,
3003,0,,,,
3005,0,,,,
3006,0,,,,
3007,0,,,,
3008,4204,디지털미디어시티,공항철도1호선,126.898609,37.576958
3009,0,,,,
3010,1293,홍대입구,경의중앙선,126.926683,37.557641
3011,0,,,,
3013,0,,,,
3100,0,,,,
3101,0,,,,
3102,0,,,,
3103,0,,,,
3104,242,아현,2호선,126.956141,37.557345
3105,0,,,,
3107,0,,,,
3109,0,,,,
3110,0,,,,
3111,315,무악재,3호선,126.950291,37.582299
3112,316,독립문,3호선,126.957748,37.574571
3113,0,,,,
3114,243,충정로,2호선,126.964378,37.559704
3115,0,,,,
3116,240,신촌,2호선,126.936926,37.555131
3117,0,,,,
3119,0,,,,
3120,0,,,,
3121,0,,,,
3122,0,,,,
3123,0,,,,
3124,0,,,,
3125,0,,,,
3126,0,,,,
3127,0,,,,
3128,0,,,,
3129,0,,,,
3130,0,,,,
3131,0,,,,
3132,0,,,,
3133,0,,,,
3134,0,,,,
3201,0,,,,
3202,0,,,,
3203,0,,,,
3204,0,,,,
3205,0,,,,
3206,0,,,,
3207,0,,,,
3211,0,,,,
3212,2745,신풍,7호선,126.90993,37.50008
3214,0,,,,
3215,0,,,,
3219,1006,영등포,경부선,126.907628,37.515504
3220,0,,,,
3221,0,,,,
3305,227,낙성대,2호선,126.963693,37.47693
3306,0,,,,
3307,0,,,,
3310,0,,,,
3311,228,서울대입구,2호선,126.952739,37.481247
3401,0,,,,
3402,0,,,,
3403,0,,,,
3404,154,종로5가,1호선,127.001849,37.570926
3405,0,,,,
3406,0,,,,
3407,0,,,,
3408,152,종각,1호선,126.982923,37.570161
3410,2535,종로3가,5호선,126.990305,37.57254
3411,0,,,,
3412,0,,,,
3413,0,,,,
3414,154,종로5가,1호선,127.001849,37.570926
3415,421,동대문,4호선,127.009287,37.57093
3416,2637,동묘앞,6호선,127.015653,37.572279
3417,0,,,,
3418,2638,창신,6호선,127.015241,37.579661
3419,0,,,,
3420,0,,,,
3421,0,,,,
3422,0,,,,
3423,0,,,,
3425,0,,,,
3426,316,독립문,3호선,126.957748,37.574571
3427,0,,,,
3428,0,,,,
3429,0,,,,
3430,0,,,,
3431,0,,,,
3432,0,,,,
3500,2727,군자,7호선,127.079338,37.556897
3501,0,,,,
3502,2726,중곡,7호선,127.08432,37.565923
3503,0,,,,
3504,0,,,,
3505,0,,,,
3506,0,,,,
3507,0,,,,
3508,0,,,,
3509,0,,,,
3510,0,,,,
3511,0,,,,
3513,207,상왕십리,2호선,127.029354,37.564354
3514,0,,,,
3515,0,,,,
3516,0,,,,
3517,0,,,,
3518,2727,군자,7호선,127.079338,37.556897
3520,0,,,,
3521,0,,,,
3523,0,,,,
3524,0,,,,
3525,0,,,,
3527,0,,,,
3528,0,,,,
3529,0,,,,
3530,0,,,,
3531,0,,,,
3532,0,,,,
3533,0,,,,
3534,212,건대입구,2호선,127.069191,37.540373
3536,0,,,,
3537,0,,,,
3538,0,,,,
3539,0,,,,
3541,0,,,,
3542,0,,,,
3543,0,,,,
3544,209,한양대,2호선,127.043655,37.555273
3545,209,한양대,2호선,127.043655,37.555273
3547,207,상왕십리,2호선,127.029354,37.564354
3548,210,뚝섬,2호선,127.047367,37.547184
3549,0,,,,
3550,0,,,,
3551,0,,,,
3552,0,,,,
3553,2542,마장,5호선,127.042973,37.5661
3555,0,,,,
3556,2539,신금호,5호선,127.020331,37.554548
3557,0,,,,
3558,0,,,,
3559,0,,,,
3560,0,,,,
3561,0,,,,
3563,0,,,,
3564,0,,,,
3566,0,,,,
3569,0,,,,
3570,0,,,,
3571,0,,,,
3573,0,,,,
3575,0,,,,
3578,0,,,,
3579,0,,,,
3581,2728,어린이대공원,7호선,127.074658,37.548014
3582,0,,,,
3586,0,,,,
3587,0,,,,
3588,0,,,,
3600,244,용답,2호선,127.050899,37.561904
3602,0,,,,
3603,219,삼성,2호선,127.06316,37.508844
3604,4128,삼성중앙,9호선(연장),127.053282,37.513011
3605,4129,봉은사,9호선(연장),127.060245,37.514219
3606,0,,,,
3609,0,,,,
3610,0,,,,
3611,0,,,,
3612,0,,,,
3614,0,,,,
3615,2733,학동,7호선,127.031656,37.514229
3616,0,,,,
3618,0,,,,
3620,0,,,,
3621,0,,,,
3622,0,,,,
3623,0,,,,
3624,1028,대모산입구,분당선,127.07272,37.491373
3627,0,,,,
3628,0,,,,
3629,0,,,,
3630,0,,,,
3634,0,,,,
3636,0,,,,
3637,0,,,,
3638,0,,,,
3640,0,,,,
3641,337,대청,3호선,127.079532,37.493514
3642,0,,,,
3643,0,,,,
3644,0,,,,
3646,4127,선정릉,9호선(연장),127.043999,37.510297
3647,1026,구룡,분당선,127.058856,37.486839
3648,1026,구룡,분당선,127.058856,37.486839
3649,1026,구룡,분당선,127.058856,37.486839
3652,0,,,,
3653,0,,,,
3654,0,,,,
3655,0,,,,
3656,0,,,,
3657,0,,,,
3658,0,,,,
3659,0,,,,
3661,0,,,,
3663,0,,,,
3664,0,,,,
3665,0,,,,
3668,0,,,,
3671,0,,,,
3672,0,,,,
3673,0,,,,
3674,0,,,,
3675,0,,,,
3676,0,,,,
3677,0,,,,
3680,2549,강동,5호선,127.132481,37.535804
3681,2550,길동,5호선,127.140004,37.537801
3682,0,,,,
3683,0,,,,
3684,0,,,,
3685,0,,,,
3686,0,,,,
3687,0,,,,
3688,0,,,,
3689,9995,강일,5호선,127.17593,37.55749
3690,9995,강일,5호선,127.17593,37.55749
3691,2555,둔촌동,5호선,127.136248,37.527788
3692,4137,둔촌오륜,9호선(연장),127.137989,37.519683
3694,0,,,,
3703,0,,,,
3707,0,,,,
3711,0,,,,
3714,0,,,,
3718,0,,,,
3753,0,,,,
3754,4104,신방화,9호선,126.816601,37.567532
3756,0,,,,
3757,4104,신방화,9호선,126.816601,37.567532
3758,0,,,,
3759,0,,,,
3760,2516,발산,5호선,126.837668,37.558598
3761,0,,,,
3762,0,,,,
3763,0,,,,
3764,0,,,,
3765,0,,,,
3766,0,,,,
3767,0,,,,
3769,4108,증미,9호선,126.861939,37.557402
3770,0,,,,
3772,0,,,,
3774,0,,,,
3775,0,,,,
3776,0,,,,
3778,0,,,,
3779,0,,,,
3780,0,,,,
3781,0,,,,
3782,0,,,,
3783,0,,,,
3784,0,,,,
3785,0,,,,
3786,0,,,,
3787,0,,,,
3788,0,,,,
3789,0,,,,
3792,0,,,,
3793,0,,,,
3794,0,,,,
3795,2514,송정,5호선,126.811973,37.561184
3796,2514,송정,5호선,126.811973,37.561184
3797,0,,,,
3798,0,,,,
3799,0,,,,
3801,0,,,,
3802,0,,,,
3803,0,,,,
3804,0,,,,
3806,0,,,,
3807,0,,,,
3810,0,,,,
3811,0,,,,
3812,0,,,,
3813,227,낙성대,2호선,126.963693,37.47693
3814,0,,,,
3815,0,,,,
3816,0,,,,
3818,0,,,,
3853,2728,어린이대공원,7호선,127.074658,37.548014
3860,0,,,,
3863,0,,,,
3864,0,,,,
3865,0,,,,
3868,0,,,,
3873,0,,,,
3878,0,,,,
3879,0,,,,
3880,0,,,,
3881,0,,,,
3882,0,,,,
3886,0,,,,
3902,0,,,,
3903,1801,개봉,경인선,126.85968,37.494594
3904,0,,,,
3905,0,,,,
3906,0,,,,
3907,0,,,,
3908,0,,,,
3910,0,,,,
3911,0,,,,
3912,0,,,,
3914,0,,,,
3915,0,,,,
3918,0,,,,
3956,0,,,,
3958,0,,,,
3959,0,,,,
3963,0,,,,
3966,1714,독산,경부선,126.889249,37.466613
3967,0,,,,
3968,0,,,,
3969,0,,,,
3970,0,,,,
3971,0,,,,
3972,0,,,,
3973,0,,,,
3974,0,,,,
3977,0,,,,
3983,0,,,,
3984,0,,,,
3985,0,,,,
4002,0,,,,
4003,0,,,,
4004,0,,,,
4005,0,,,,
4007,0,,,,
4008,0,,,,
4009,0,,,,
4011,0,,,,
4013,0,,,,
4014,409,당고개,4호선,127.079066,37.670272
4016,0,,,,
4017,0,,,,
4018,0,,,,
4019,0,,,,
4020,0,,,,
4021,0,,,,
4023,1020,월계,경원선,127.058831,37.633212
4024,0,,,,
4025,0,,,,
4026,0,,,,
4027,0,,,,
4028,0,,,,
4029,0,,,,
4031,0,,,,
4032,0,,,,
4033,0,,,,
4034,0,,,,
4035,0,,,,
4036,0,,,,
4037,0,,,,
4039,0,,,,
4040,0,,,,
4041,2718,공릉,7호선,127.072896,37.625742
4042,0,,,,
4043,0,,,,
4044,0,,,,
4045,0,,,,
4046,0,,,,
4054,0,,,,
4058,0,,,,
4062,0,,,,
4064,0,,,,
4065,0,,,,
4073,0,,,,
4074,0,,,,
4075,0,,,,
4076,0,,,,
4077,0,,,,
4078,0,,,,
4080,0,,,,
4102,0,,,,
4103,0,,,,
4104,0,,,,
4105,0,,,,
4107,0,,,,
4108,0,,,,
4110,0,,,,
4113,0,,,,
4114,0,,,,
4116,0,,,,
4117,0,,,,
4121,0,,,,
4122,0,,,,
4123,0,,,,
4125,0,,,,
4152,0,,,,
4153,0,,,,
4158,0,,,,
4162,0,,,,
4167,0,,,,
4169,2743,신대방삼거리,7호선,126.928276,37.499701
4171,0,,,,
4173,0,,,,
4175,1005,대방,경부선,126.926382,37.513342
4202,0,,,,
4206,2625,광흥창,6호선,126.931993,37.547456
4207,0,,,,
4208,0,,,,
4210,0,,,,
4211,0,,,,
4212,0,,,,
4213,0,,,,
4214,0,,,,
4216,0,,,,
4217,0,,,,
4218,0,,,,
4220,0,,,,
4221,0,,,,
4222,0,,,,
4224,0,,,,
4226,0,,,,
4233,0,,,,
4234,0,,,,
4238,4204,디지털미디어시티,공항철도1호선,126.898609,37.576958
4239,0,,,,
4240,0,,,,
4253,0,,,,
4255,0,,,,
4262,0,,,,
4303,0,,,,
4304,0,,,,
4305,0,,,,
4306,0,,,,
4307,0,,,,
4309,0,,,,
4310,0,,,,
4312,2736,고속터미널,7호선,127.005068,37.503367
4313,0,,,,
4314,0,,,,
4315,0,,,,
4316,2736,고속터미널,7호선,127.005068,37.503367
4317,0,,,,
4318,225,방배,2호선,126.997596,37.481426
4319,0,,,,
4320,0,,,,
4322,0,,,,
4323,0,,,,
4324,0,,,,
4327,0,,,,
4329,0,,,,
4330,0,,,,
4353,0,,,,
4360,0,,,,
4362,0,,,,
4363,2539,신금호,5호선,127.020331,37.554548
4367,0,,,,
4370,0,,,,
4373,0,,,,
4377,0,,,,
4406,0,,,,
4408,2644,돌곶이,6호선,127.056431,37.610537
4411,0,,,,
4414,0,,,,
4415,0,,,,
4452,0,,,,
4453,0,,,,
4454,0,,,,
4456,0,,,,
4457,0,,,,
4458,0,,,,
4460,0,,,,
4461,0,,,,
4462,0,,,,
4463,2557,방이,5호선,127.126133,37.508857
4464,0,,,,
4465,0,,,,
4467,0,,,,
4468,0,,,,
4469,2560,거여,5호선,127.14415,37.493105
4472,0,,,,
4473,0,,,,
4474,0,,,,
4475,0,,,,
4478,0,,,,
4479,0,,,,
4480,2818,가락시장,8호선,127.118398,37.492888
4481,0,,,,
4483,0,,,,
4484,215,잠실나루,2호선,127.10379,37.520733
4485,215,잠실나루,2호선,127.10379,37.520733
4486,0,,,,
4488,0,,,,
4490,0,,,,
4491,2820,장지,8호선,127.126191,37.478703
4493,0,,,,
4496,0,,,,
4497,0,,,,
4499,0,,,,
4500,0,,,,
4507,0,,,,
4508,0,,,,
4509,0,,,,
4510,0,,,,
4512,0,,,,
4514,0,,,,
4515,0,,,,
4516,0,,,,
4517,0,,,,
4518,0,,,,
4519,0,,,,
4520,0,,,,
4522,0,,,,
4523,0,,,,
4526,0,,,,
4527,0,,,,
4528,248,양천구청,2호선,126.865819,37.512398
4530,0,,,,
4531,0,,,,
4532,0,,,,
4534,0,,,,
4535,0,,,,
4536,0,,,,
4552,0,,,,
4553,0,,,,
4555,0,,,,
4556,0,,,,
4557,0,,,,
4558,0,,,,
4559,1032,신길,경부선,126.917865,37.516862
4560,0,,,,
4561,2523,양평,5호선,126.886129,37.525569
4563,0,,,,
4564,0,,,,
4565,0,,,,
4566,0,,,,
4567,0,,,,
4568,0,,,,
4569,0,,,,
4571,0,,,,
4573,0,,,,
4574,2525,영등포시장,5호선,126.905139,37.522669
4575,0,,,,
4576,0,,,,
4578,0,,,,
4579,0,,,,
4580,0,,,,
4581,0,,,,
4582,0,,,,
4583,0,,,,
4584,0,,,,
4585,0,,,,
4588,0,,,,
4589,0,,,,
4590,0,,,,
4591,0,,,,
4592,0,,,,
4594,0,,,,
4598,0,,,,
4599,0,,,,
4600,0,,,,
4602,0,,,,
4603,0,,,,
4604,0,,,,
4605,0,,,,
4607,0,,,,
4608,0,,,,
4609,0,,,,
4610,0,,,,
4611,0,,,,
4612,0,,,,
4613,0,,,,
4615,0,,,,
4616,0,,,,
4617,0,,,,
4618,0,,,,
4619,0,,,,
4620,2629,삼각지,6호선,126.974032,37.535534
4622,0,,,,
4623,0,,,,
4625,0,,,,
4627,1261,효창공원앞,경의중앙선,126.96221,37.538579
4629,0,,,,
4632,0,,,,
4633,0,,,,
4652,0,,,,
4653,2613,불광,6호선,126.92939,37.610873
4654,0,,,,
4657,0,,,,
4658,313,녹번,3호선,126.935756,37.600927
4659,0,,,,
4663,0,,,,
4665,0,,,,
4667,0,,,,
4668,0,,,,
4671,0,,,,
4672,0,,,,
4674,0,,,,
4676,0,,,,
4677,0,,,,
4678,0,,,,
4702,0,,,,
4703,0,,,,
4705,0,,,,
4707,0,,,,
4708,0,,,,
4709,0,,,,
4710,0,,,,
4711,0,,,,
4713,0,,,,
4715,0,,,,
4752,243,충정로,2호선,126.964378,37.559704
4753,0,,,,
4760,150,서울역,1호선,126.972135,37.556228
4761,0,,,,
4762,202,을지로입구,2호선,126.982618,37.566014
4765,0,,,,
4766,0,,,,
4768,151,시청,1호선,126.977088,37.565715
4772,0,,,,
4774,202,을지로입구,2호선,126.982618,37.566014
4775,202,을지로입구,2호선,126.982618,37.566014
4776,0,,,,
4777,0,,,,
4778,0,,,,
4781,0,,,,
4782,0,,,,
4784,0,,,,
4785,0,,,,
4791,424,명동,4호선,126.986325,37.560989
4792,0,,,,
4793,2537,동대문역사문화공원,5호선,127.005353,37.564665
4794,0,,,,
4796,0,,,,
4797,0,,,,
4798,0,,,,
4802,0,,,,
4803,0,,,,
4804,2722,상봉,7호선,127.085716,37.595577
4807,0,,,,
4808,0,,,,
4809,0,,,,
4811,0,,,,
4812,0,,,,
4813,0,,,,
4815,0,,,,
4819,0,,,,
4820,1203,망우,중앙선,127.091909,37.59955
4821,0,,,,
4823,0,,,,
4824,0,,,,
4825,0,,,,
4826,0,,,,
4827,0,,,,
4828,0,,,,
4829,0,,,,
4834,0,,,,
4835,0,,,,
4852,0,,,,
4853,0,,,,
4854,2818,가락시장,8호선,127.118398,37.492888
4855,0,,,,
4856,0,,,,
4857,0,,,,
4859,0,,,,
4860,0,,,,
4861,0,,,,
4862,0,,,,
4863,0,,,,
4864,0,,,,
4865,4135,한성백제,9호선(연장),127.116503,37.516404
4867,0,,,,
4868,0,,,,
4869,0,,,,
4870,2814,몽촌토성,8호선,127.112359,37.517409
4871,0,,,,
4872,2559,개롱,5호선,127.13482,37.498079
4873,2559,개롱,5호선,127.13482,37.498079
4874,0,,,,
4875,0,,,,
4876,0,,,,
4879,0,,,,
4880,0,,,,
4881,0,,,,
4882,0,,,,
4883,0,,,,
4884,0,,,,
4885,0,,,,
4886,0,,,,
4887,0,,,,
4888,4137,둔촌오륜,9호선(연장),127.137989,37.519683
4889,0,,,,
4891,0,,,,
4892,0,,,,
4893,0,,,,
4894,0,,,,
4895,0,,,,
4896,0,,,,
4897,0,,,,
4902,0,,,,
5052,2515,마곡,5호선,126.825448,37.560183
5053,0,,,,
5055,0,,,,
5056,0,,,,
5057,0,,,,
5059,0,,,,
5061,0,,,,
5062,0,,,,
5063,0,,,,
5064,4106,양천향교,9호선,126.841333,37.568381
5065,0,,,,
5066,0,,,,
5067,0,,,,
5070,0,,,,
5072,0,,,,
5073,0,,,,
5074,0,,,,
5075,0,,,,
152,0,,,,
158,0,,,,
218,0,,,,
257,0,,,,
304,2534,광화문,5호선,126.97717,37.571525
312,151,시청,1호선,126.977088,37.565715
375,0,,,,
378,0,,,,
482,0,,,,
581,0,,,,
675,0,,,,
707,0,,,,
1014,2552,명일,5호선,127.143999,37.55137
1320,0,,,,
1434,0,,,,
1443,0,,,,
1534,0,,,,
1545,4708,솔샘,우이신설선,127.013626,37.620238
1695,0,,,,
1700,0,,,,
2081,0,,,,
2361,326,압구정,3호선,127.028461,37.527072
2534,0,,,,
2607,2821,복정,8호선,127.126732,37.471052
2629,0,,,,
2905,0,,,,
3755,0,,,,
4038,0,,,,
4112,0,,,,
4704,0,,,,
4779,322,동대입구,3호선,127.005602,37.559052
311,151,시청,1호선,126.977088,37.565715
373,0,,,,
444,1291,서울역,경의중앙선,126.97103,37.557231
868,0,,,,
3535,0,,,,
3106,0,,,,
101,0,,,,
136,0,,,,
151,0,,,,
4205,0,,,,
1114,0,,,,
2714,0,,,,
2200,0,,,,
3304,227,낙성대,2호선,126.963693,37.47693
2292,0,,,,
2543,0,,,,
